Channel,Elevation,Azimuth
1,14.972363,0.082385
2,13.952372,0.076529
3,12.938632,0.078240
4,11.931141,0.076267
5,10.926151,0.064337
6,9.922410,0.059942
7,8.917419,0.049319
8,7.917429,0.044992
9,6.919938,0.034446
10,5.919947,0.027658
11,4.922456,0.020896
12,3.924965,0.014147
13,2.929974,0.008668
14,1.936233,-0.000548
15,0.944992,-0.007248
16,-0.047500,-0.015201
